author,author_alias,attribution_link,asset_count,map_count,mod_count,total_downloads,2026_03_11,2026_03_12,2026_03_13,2026_03_14,2026_03_15,2026_03_16,2026_03_17,2026_03_18,2026_03_19,2026_03_20,2026_03_21,2026_03_22,2026_03_23,2026_03_24,2026_03_25,2026_03_26,2026_03_27,2026_03_28,2026_03_29,2026_03_30,2026_03_31,2026_04_01,2026_04_02,2026_04_03,2026_04_04,2026_04_05,2026_04_06,2026_04_07,2026_04_08,2026_04_09,2026_04_10,2026_04_11,2026_04_12,2026_04_13,2026_04_14,2026_04_15,2026_04_16,2026_04_17,2026_04_18,2026_04_19,2026_04_20,2026_04_21,2026_04_22,2026_04_23,2026_04_24,2026_04_25,2026_04_26,2026_04_27,2026_04_28,2026_04_29,2026_04_30,2026_05_01,2026_05_02,2026_05_03,2026_05_04,2026_05_05,2026_05_06,2026_05_07,2026_05_08,2026_05_09,2026_05_10,2026_05_11,2026_05_12,2026_05_13,2026_05_14,2026_05_15,2026_05_16,2026_05_17,2026_05_18,2026_05_19,2026_05_20,2026_05_21,2026_05_22,2026_05_23,2026_05_24,2026_05_25,2026_05_26,2026_05_27,2026_05_28,2026_05_29,2026_05_30,2026_05_31
ahkimn,Yukina-,https://subwaybuildermodded.com/credits,57,56,1,12124,522,92,82,71,176,103,43,51,58,41,59,38,75,74,92,91,112,120,155,286,147,220,121,107,126,258,236,203,244,204,191,180,229,164,94,117,78,166,78,200,169,96,164,111,110,88,195,282,278,156,95,143,134,198,176,136,133,119,135,95,96,115,120,148,158,194,126,151,112,247,271,166,126,116,170,235,209,136,165,95,122,129
rslurry,slurry,https://github.com/rslurry,33,33,0,9675,103,22,15,61,77,24,43,23,32,39,61,34,69,31,43,53,62,35,62,131,62,124,90,75,84,140,124,202,264,166,289,269,267,135,122,110,83,194,209,188,219,219,208,174,105,125,135,216,246,173,130,103,113,207,223,139,89,108,109,148,135,147,111,103,98,139,128,118,94,121,64,76,66,89,102,142,102,69,81,95,83,106
stefanorigano,Steno,https://github.com/stefanorigano,1,0,1,6889,233,42,63,55,34,41,66,34,32,47,43,40,44,33,47,39,61,65,97,142,157,164,91,84,91,135,249,147,170,166,186,202,162,116,74,74,66,178,127,184,212,116,105,58,64,173,196,172,102,103,74,75,66,78,76,63,42,43,64,50,62,66,61,44,54,45,48,43,28,36,31,30,35,39,34,31,25,22,41,38,26,37
Valdotorium,Valdotorium,https://github.com/Valdotorium,7,4,3,5614,0,0,0,0,2,16,43,39,38,50,49,37,54,53,65,58,39,34,45,169,134,90,34,30,43,91,86,44,231,120,142,137,177,147,103,130,91,87,103,113,110,61,77,56,57,103,132,124,96,73,62,71,80,88,77,75,67,61,62,70,75,61,66,50,72,37,42,52,45,55,37,44,31,38,53,45,44,45,51,48,41,56
kimth9,kimth9,https://github.com/kimth9,20,19,1,5540,0,0,0,0,0,0,0,0,0,0,0,0,0,0,0,0,0,0,0,0,0,0,0,0,0,0,0,0,0,0,0,0,0,401,345,298,200,144,187,139,166,173,72,129,140,198,134,186,125,115,41,96,144,107,97,89,68,90,111,117,74,41,69,84,82,99,50,30,52,60,34,50,75,68,140,70,39,50,83,64,35,79
devenperez,devenperez,https://github.com/devenperez,8,8,0,5536,1278,54,56,0,139,11,26,54,46,46,62,43,63,53,70,41,39,49,44,123,91,98,74,52,52,69,70,107,145,144,108,106,134,79,66,75,46,38,46,44,46,72,33,41,36,51,53,60,52,44,29,30,39,47,57,29,31,26,46,67,40,42,22,29,36,32,45,27,21,23,35,34,21,52,23,30,35,27,47,22,29,34
Maximilian284,max02,https://github.com/Maximilian284,18,18,0,4501,57,18,7,25,20,3,0,195,29,7,18,4,16,14,25,63,37,19,32,83,58,246,109,98,109,95,69,88,426,309,438,38,73,41,44,52,24,14,21,30,13,21,26,33,26,35,68,72,61,38,46,42,55,51,51,21,31,27,56,34,47,30,18,41,56,18,29,23,29,46,27,26,22,39,22,35,20,21,20,17,29,25
crumpetime,muffintime,https://github.com/crumpetime,7,6,1,4035,77,13,30,50,64,40,45,40,32,39,71,65,58,34,58,57,59,44,64,103,76,82,59,56,63,70,73,49,98,60,68,73,122,64,47,57,50,39,65,51,60,40,48,34,41,50,85,93,50,59,36,42,45,63,41,35,30,42,39,39,40,50,39,37,45,30,29,38,20,35,30,23,20,27,34,28,27,18,31,24,37,36
Kronifer,Kronifer,https://github.com/Kronifer,8,8,0,3464,226,20,33,30,16,8,9,13,18,5,28,15,27,9,20,32,92,63,67,66,76,71,36,43,32,32,25,30,64,41,28,35,58,38,34,42,29,16,22,24,20,13,22,19,19,27,36,78,45,40,76,103,89,61,46,61,50,41,51,47,95,54,64,65,57,48,32,35,56,32,29,44,18,32,35,26,25,12,22,42,61,63
nzh0172,naz,https://github.com/nzh0172,7,5,2,2756,0,0,0,0,0,0,0,0,8,17,17,10,24,16,19,20,39,34,35,40,47,31,40,35,30,78,73,57,82,51,55,63,89,71,44,46,32,34,32,38,39,22,22,16,26,45,64,56,36,30,24,30,42,38,50,29,31,29,26,34,49,59,71,51,54,33,30,42,31,25,34,25,26,20,28,24,33,22,27,22,29,25
BarKuperman,BarKuperman,https://github.com/BarKuperman,3,2,1,2247,151,19,38,30,18,9,22,14,19,25,34,14,22,12,24,18,21,16,16,55,27,34,28,22,26,35,23,16,47,42,35,56,115,62,47,41,40,39,28,37,47,24,21,21,22,25,38,46,26,29,18,25,18,26,30,12,13,17,13,30,22,27,22,18,19,11,18,20,16,18,9,12,15,12,14,21,13,17,21,17,14,13
ryandicicco,ryandicicco,https://github.com/ryandicicco,7,7,0,2065,63,8,23,25,24,6,6,7,7,13,11,1,16,5,31,16,22,21,29,75,34,65,32,21,28,27,27,26,73,35,51,97,91,49,27,45,23,24,21,25,22,21,20,37,37,30,39,38,20,25,25,17,17,30,28,22,15,20,10,23,19,15,11,10,8,27,26,24,15,25,15,10,8,10,14,16,10,6,18,17,22,13
DanielD1909,DanielD1909,https://github.com/DanielD1909,2,1,1,2012,0,0,0,9,37,31,37,40,36,35,32,35,32,23,26,36,60,33,40,57,51,45,21,35,15,35,42,18,41,61,65,47,54,82,37,38,26,30,28,32,33,26,21,14,14,15,36,29,22,28,15,17,17,20,23,18,18,10,8,8,10,23,14,11,7,10,11,14,14,9,7,4,7,6,9,9,10,11,7,8,10,7
Bobby-047,Bobby-047,https://github.com/Bobby-047,1,0,1,1827,0,0,0,0,0,0,0,0,0,0,0,0,0,0,0,0,0,0,0,0,0,0,0,15,54,53,0,0,28,66,62,44,49,33,24,25,26,28,35,31,38,27,22,20,25,28,55,36,21,28,21,25,21,27,27,42,73,59,57,58,43,47,41,40,28,27,26,33,24,20,16,15,21,21,32,15,15,19,15,18,13,15
jelegend,jelegend,https://github.com/jelegend,1,1,0,1538,0,0,0,0,0,0,0,0,0,0,0,0,0,0,0,0,0,0,0,0,0,0,0,0,0,0,0,0,0,0,59,51,43,38,26,61,51,131,116,71,104,65,36,31,38,32,32,40,31,18,13,33,18,29,18,18,21,22,13,18,21,17,18,12,14,11,10,8,17,13,6,16,6,10,13,5,8,15,8,12,11,10
Gio1112,giorgiodabest,https://giorgio.is-a.dev/,1,0,1,1441,0,0,0,0,0,10,18,16,8,21,31,27,24,34,19,33,45,2,0,2,0,0,0,0,0,0,0,0,3,10,79,79,60,45,26,25,16,20,22,16,25,16,13,6,9,16,54,62,39,34,25,26,30,31,26,23,13,16,19,17,16,17,14,15,10,14,8,12,10,10,8,12,8,8,20,8,7,12,11,10,7,13
PSWBSF,Potato Spaghetti Water Balloon Space Federation,https://youtu.be/dQw4w9WgXcQ?t=0,10,10,0,1248,0,0,0,0,0,0,0,0,0,0,0,0,0,0,0,0,0,9,5,13,13,25,17,9,11,22,25,21,61,76,137,0,1,16,18,8,9,13,13,10,10,19,12,14,11,11,17,12,9,10,20,12,22,25,12,15,15,12,7,8,17,17,10,11,18,22,19,19,9,21,24,28,23,38,19,23,32,19,18,19,17,20
soccerjonj,soccerjonj,https://github.com/soccerjonj,7,7,0,1130,64,9,8,25,10,1,14,25,21,8,35,19,36,4,22,17,16,5,9,15,13,26,14,14,11,22,26,7,26,24,35,16,32,28,13,13,12,11,8,6,10,12,24,12,5,7,5,46,9,11,9,1,5,13,8,8,5,8,13,15,10,18,11,7,8,9,12,13,9,13,10,1,6,7,7,9,13,5,4,4,4,4
WillBarouch,WillBarouch,https://github.com/WillBarouch,1,1,0,843,0,0,0,0,0,0,0,0,0,0,0,5,21,11,10,20,21,20,17,30,15,18,21,13,8,18,13,11,39,18,20,28,29,16,13,19,7,10,12,20,15,13,9,6,8,7,13,13,5,13,4,3,16,10,11,7,11,6,13,8,5,8,12,9,4,5,6,5,13,9,3,4,1,17,3,3,2,5,8,9,13,5
hsullivan1201,hsullivan1201,https://github.com/hsullivan1201,1,0,1,784,0,0,0,0,0,0,0,0,0,0,0,0,0,0,0,0,0,0,0,0,0,0,0,0,0,0,0,0,0,0,0,0,0,0,0,0,0,0,0,0,0,0,0,0,0,0,0,0,0,0,0,0,0,0,0,0,0,0,0,0,0,0,0,0,0,0,0,0,0,0,0,0,19,55,55,84,133,72,110,93,89,74
TransitCore,TransitCore,https://github.com/TransitCore,2,0,2,749,0,0,0,0,0,0,0,0,2,6,4,1,11,15,27,9,21,15,14,28,27,31,34,20,0,1,0,0,7,3,0,0,3,9,11,9,5,5,2,4,2,2,4,3,2,3,6,6,7,6,3,2,6,7,5,1,1,3,2,3,4,21,23,24,22,24,19,11,21,22,13,15,15,11,15,16,12,13,20,14,7,9
Mpfk,Mpfk,https://github.com/Mpfk,1,0,1,608,0,0,0,0,0,0,0,0,0,0,0,0,0,0,0,0,0,0,0,0,0,0,0,0,0,0,0,0,0,0,0,0,0,0,0,0,0,0,0,0,0,0,0,0,0,0,0,0,0,0,0,0,0,0,0,0,0,0,0,0,0,0,4,37,26,45,26,34,26,75,56,28,22,29,28,38,26,10,25,23,16,34
kaicardenas0618,kaicardenas0618,https://github.com/kaicardenas0618,2,1,1,394,0,0,0,0,0,0,0,0,0,0,0,0,0,0,0,0,0,0,0,0,0,0,0,0,0,12,11,6,7,4,8,6,4,4,0,0,2,0,1,3,1,6,12,19,8,6,12,6,2,3,2,2,3,4,4,5,2,3,2,4,7,3,13,16,12,13,15,21,12,9,11,8,13,5,7,5,10,9,9,3,7,12
chasemanning040911-afk,lechicken,https://github.com/chasemanning040911-afk,1,1,0,254,0,0,0,0,0,0,0,0,0,0,0,0,0,0,0,0,0,0,0,0,0,0,0,0,0,0,0,0,0,0,0,0,0,0,0,0,0,0,0,0,0,0,0,0,0,0,0,0,0,0,0,0,11,45,28,17,17,20,14,9,12,7,6,4,5,5,8,7,1,5,3,1,1,3,2,4,1,9,4,2,0,3
metatablestudios,metatablestudios,https://github.com/metatablestudios,1,1,0,228,0,0,0,0,0,0,0,0,0,0,0,0,0,0,0,0,0,0,0,0,0,24,18,19,15,16,9,4,47,30,46,0,0,0,0,0,0,0,0,0,0,0,0,0,0,0,0,0,0,0,0,0,0,0,0,0,0,0,0,0,0,0,0,0,0,0,0,0,0,0,0,0,0,0,0,0,0,0,0,0,0,0
TathanDev,TathanDev,https://github.com/TathanDev,1,0,1,118,0,0,0,0,0,0,0,0,0,0,0,0,0,0,0,0,0,0,0,0,0,0,0,0,0,0,0,0,0,0,0,0,0,0,7,7,6,6,5,5,2,3,1,4,0,5,5,1,3,4,4,2,3,3,5,1,0,3,1,1,1,0,0,2,3,0,2,1,2,0,3,3,1,1,2,1,2,0,3,2,1,1
Phineapoo,Phineapoo,https://github.com/Phineapoo,1,1,0,90,0,0,0,0,0,0,0,0,0,0,0,0,0,0,0,0,0,0,0,0,0,0,0,0,0,0,0,0,0,0,0,0,0,3,11,5,4,5,5,0,0,1,2,1,3,0,9,2,0,1,2,0,4,3,3,2,0,2,0,0,0,1,3,2,2,1,2,0,0,2,1,1,1,0,1,0,0,0,0,2,0,3
bean1322,bean1322,https://github.com/bean1322,2,2,0,63,0,0,0,0,0,0,0,0,0,0,0,0,0,0,0,0,0,0,0,0,0,0,0,0,0,0,0,0,0,0,5,2,1,3,1,7,4,3,1,0,2,1,4,1,1,1,0,4,1,0,3,0,1,0,0,3,3,3,0,0,0,2,0,0,0,1,1,1,0,1,1,0,0,0,0,1,0,0,0,0,0,0
bquelhas,bquelhas,https://github.com/bquelhas,1,1,0,48,0,0,0,0,0,0,0,0,0,0,0,0,0,0,0,0,0,0,0,0,0,0,0,0,0,0,0,0,0,0,0,0,0,0,0,0,0,0,0,0,0,0,0,0,0,0,0,0,0,0,0,0,0,0,0,0,0,0,0,0,0,0,0,0,0,0,0,0,0,0,0,0,0,0,0,0,0,0,0,0,0,48
